id,first_name
1,Valeda
2,Pooh
3,Kristo
4,Janot
5,Neala
6,Ron
7,Gabby
8,Robenia
9,Guntar
10,Marge
11,Mattie
12,Winni
13,Uri
14,Mace
15,Roi
16,Ode
17,Muriel
18,Cedric
19,Wallace
20,Bo
21,Doy
22,Osborn
23,Loralyn
24,Yasmin
25,Peggie
26,Lynelle
27,Wren
28,Josey
29,Frans
30,Glenn
31,Pieter
32,Denny
33,Zebulen
34,Parker
35,Tobiah
36,Chaunce
37,Madel
38,Sidney
39,Eberhard
40,Amy
41,Katherine
42,Lawrence
43,Kinny
44,Gilemette
45,Lucina
46,Rebekah
47,Rennie
48,Nanine
49,Herbie
50,Juliette
51,Courtney
52,Sydney
53,Martica
54,Patin
55,Maddi
56,Evita
57,Angel
58,Juan
59,Blondelle
60,Aaren
61,Pollyanna
62,Melanie
63,Winny
64,Nerte
65,Mayor
66,Thacher
67,Chloris
68,Ruthie
69,Archibald
70,Atlanta
71,Jarib
72,Brook
73,Felic
74,Torin
75,Kele
76,Ashlan
77,Marrissa
78,Hortensia
79,Dore
80,Kermit
81,Rycca
82,Christophe
83,Andreana
84,Arni
85,Granny
86,Hatty
87,Raimund
88,Merle
89,Alysa
90,Carrol
91,Alec
92,Marten
93,Ag
94,Anna-diane
95,Eugenia
96,Madeleine
97,Arlin
98,Bamby
99,Bond
100,Fleur
101,Paddie
102,Jobey
103,Neil
104,Rodney
105,Deirdre
106,Analise
107,Rawley
108,Malanie
109,Yorgos
110,Loy
111,Morlee
112,Von
113,Windham
114,Yettie
115,Michaelina
116,Babb
117,Kennedy
118,Naoma
119,Siffre
120,Arlena
121,Ardith
122,Peggy
123,Emlyn
124,Idette
125,Bertie
126,Nick
127,Hedvig
128,Dilan
129,Halley
130,Graham
131,Ronda
132,Melonie
133,Felicle
134,Cary
135,Mar
136,Haily
137,Carin
138,Nissie
139,Tybalt
140,Carroll
141,Donnie
142,Kassey
143,Valli
144,Baryram
145,Merv
146,Lezlie
147,Salomone
148,Terri
149,Flint
150,Cherish
151,Jobi
152,Hanni
153,Wilbert
154,Swen
155,Kerrill
156,Angil
157,Tabbi
158,Karia
159,Jodi
160,Dena
161,Elset
162,Justino
163,Trenton
164,Albrecht
165,Jase
166,Garold
167,Tina
168,Sal
169,Winnie
170,Venus
171,Ros
172,Ellsworth
173,Bearnard
174,Tito
175,Dorris
176,Thaxter
177,Charlton
178,Elfreda
179,Rosina
180,Spike
181,Daloris
182,Wallache
183,Sherye
184,Clifford
185,Sasha
186,Killian
187,Chickie
188,Jada
189,Miner
190,Maximilien
191,Sapphira
192,Dalston
193,Cleon
194,Chase
195,Penn
196,Ryan
197,Gabe
198,Neall
199,Miran
200,Clyde
201,Mikael
202,Zitella
203,Christie
204,Eddie
205,Harper
206,Lindsey
207,Serene
208,Demetri
209,Mersey
210,Carolee
211,Joete
212,Sharai
213,Axel
214,Noami
215,Tremaine
216,Steffi
217,Lilllie
218,Tymon
219,Gabey
220,Danella
221,Lilian
222,Teirtza
223,Inga
224,Doro
225,Jude
226,Gabriella
227,Hagen
228,Paige
229,Lanie
230,Land
231,Thedric
232,Donovan
233,Willette
234,Godfrey
235,Merrile
236,Sylvia
237,Maureen
238,Wally
239,Gianina
240,Paola
241,Linette
242,Trixie
243,Tomaso
244,Hamish
245,Hieronymus
246,Nap
247,Birch
248,Gwennie
249,Ulrica
250,Merrick
251,Vince
252,Christal
253,Xymenes
254,Karia
255,Linoel
256,Hinda
257,Jaime
258,Nickey
259,Ash
260,Napoleon
261,Sancho
262,Spencer
263,Ole
264,Delainey
265,Agustin
266,Gerome
267,Mirella
268,Douglas
269,Conney
270,Kelsey
271,Camey
272,Ruby
273,Bank
274,Nicolas
275,Lindsey
276,Lionel
277,Devonna
278,Kali
279,Lettie
280,Trip
281,Connor
282,Orazio
283,Legra
284,Estel
285,Rudiger
286,Shane
287,Nari
288,Ellyn
289,Phelia
290,Bidget
291,Christoph
292,Adriano
293,Miquela
294,North
295,Sancho
296,Hugo
297,Florentia
298,Shelly
299,Paul
300,Simone
301,Milzie
302,Gibb
303,Lilah
304,Lanie
305,Bili
306,Danielle
307,Evyn
308,Marys
309,Nils
310,Cal
311,Quintus
312,Alikee
313,Camala
314,Philis
315,Ansel
316,Ferrel
317,Boy
318,Raine
319,Dalli
320,Dixie
321,Casandra
322,Odelle
323,Levi
324,Cherrita
325,Patrick
326,Weber
327,Quinn
328,Anthia
329,Wylie
330,Fanni
331,Octavia
332,Rriocard
333,Dynah
334,Anneliese
335,Savina
336,Humphrey
337,Saraann
338,Vin
339,Joyous
340,Phaidra
341,Nicol
342,Rowen
343,Moyra
344,Ashlin
345,Roseanne
346,Nyssa
347,Orion
348,Reilly
349,Ingeberg
350,Charles
351,Annabelle
352,Even
353,Edna
354,Adrian
355,Irwin
356,Greg
357,Lu
358,Nanon
359,Dixie
360,Yolanda
361,Christalle
362,Garrik
363,Lavena
364,Gracie
365,Chickie
366,Don
367,Emyle
368,Gwenore
369,Marissa
370,Goldarina
371,Juli
372,Dena
373,Bentley
374,Hannah
375,Abey
376,Luella
377,Roanna
378,Ricki
379,Yale
380,Faina
381,Orland
382,Terrie
383,Giovanna
384,Lindy
385,Vikki
386,Datha
387,Brand
388,Alleyn
389,Cris
390,Cindra
391,Hi
392,Orella
393,Lezlie
394,Kayley
395,Darryl
396,Lillis
397,Ashlin
398,Lauryn
399,Evangeline
400,Barrett
401,Burlie
402,Parrnell
403,Missie
404,Fionna
405,Anjela
406,Adlai
407,Ardis
408,Maureen
409,Northrup
410,Delinda
411,Gerladina
412,Amelina
413,Rebecka
414,Rennie
415,Cyrille
416,Frederique
417,Simonne
418,Nicole
419,Shawnee
420,Noland
421,Ester
422,Rodolph
423,Elena
424,Querida
425,Ophelia
426,Dulcine
427,Guenna
428,Adam
429,Darin
430,Rutledge
431,Wenonah
432,Maitilde
433,Marcelo
434,Nerti
435,Drucie
436,Delbert
437,Jerrold
438,Philbert
439,Chanda
440,Trista
441,Akim
442,Blake
443,Cecilia
444,Blisse
445,Myrtia
446,Joellen
447,Liliane
448,Noemi
449,Bernardina
450,Cymbre
451,Dukie
452,Lyell
453,Paten
454,Zulema
455,Aluin
456,Jackson
457,Grayce
458,Ralina
459,Harri
460,Lila
461,Rikki
462,Annnora
463,Amby
464,Whittaker
465,Ruthann
466,Bertie
467,Terri
468,Hobey
469,Dyann
470,Glory
471,Adrianne
472,Bertrand
473,Paolo
474,Clare
475,Lonnard
476,Cassie
477,Constantin
478,Tabatha
479,Leland
480,Laney
481,Georgie
482,Peyter
483,Gipsy
484,Romain
485,Mellisent
486,Mercedes
487,Vickie
488,Burk
489,Shell
490,Gregoor
491,Justin
492,Bridget
493,Kayle
494,Svend
495,Gino
496,Amalia
497,Frankie
498,Nico
499,Sean
500,Dallis
501,Rolando
502,Maggee
503,Clovis
504,Mollie
505,Trula
506,Aldis
507,Dieter
508,Westbrooke
509,Vicki
510,Samantha
511,Hillel
512,Judon
513,Delmor
514,Milicent
515,Iolanthe
516,Jocelyn
517,Alena
518,Cordi
519,Gustav
520,Edan
521,Ab
522,Christin
523,Dell
524,Arron
525,Lory
526,Morey
527,Loren
528,Kirsteni
529,Allyn
530,Sibelle
531,Dot
532,Ferrell
533,Marcelia
534,Kelsey
535,Emilia
536,Zitella
537,Stuart
538,Valle
539,Frederich
540,Sophie
541,Zacharias
542,Tiebold
543,Gan
544,Robinette
545,Judon
546,Nicola
547,Jackson
548,Gianni
549,Florette
550,Briana
551,Randa
552,Tudor
553,Charles
554,Lindsay
555,Kirby
556,Kary
557,Linell
558,Guenevere
559,Bernardine
560,Bevon
561,Hedwig
562,Elwyn
563,Romain
564,Mill
565,Louie
566,Meridith
567,Marlon
568,Casey
569,Killian
570,Kerri
571,Waldemar
572,Mack
573,Gloriana
574,Harriet
575,Dino
576,Ramonda
577,Milt
578,Donnell
579,Koo
580,Anastasie
581,Latisha
582,Rafa
583,Phillip
584,Erastus
585,Graham
586,Linus
587,Kelley
588,Ricki
589,Whitney
590,Gabby
591,Mal
592,Stinky
593,Cati
594,Cazzie
595,Ora
596,Kellen
597,Mathian
598,Bella
599,Pablo
600,Benjy
601,Anjela
602,Gwenni
603,Griff
604,Puff
605,Tamiko
606,Aymer
607,Layton
608,Dona
609,Correy
610,Erl
611,Vinnie
612,Corrie
613,Galvin
614,Gannon
615,Chiarra
616,Huey
617,Elsy
618,Karol
619,Cristi
620,Galvin
621,Sindee
622,Samuele
623,Efrem
624,Beverly
625,Nicola
626,Zebulen
627,Cassandre
628,Maxy
629,Worthy
630,Hamilton
631,Karee
632,Quinton
633,Carlin
634,Fara
635,Jayne
636,Cristabel
637,Way
638,Eadith
639,Jennie
640,Johannes
641,Davina
642,Corey
643,Aubine
644,Goran
645,Allayne
646,Stormi
647,Padraic
648,Mora
649,Kayley
650,Fonzie
651,Carina
652,Elene
653,Marie-jeanne
654,Sonni
655,Bonnie
656,Brittan
657,Hakeem
658,Elwira
659,Conrado
660,Elianora
661,Flory
662,Klara
663,Corney
664,Corrie
665,Rani
666,Wolfgang
667,Brand
668,Melisa
669,Papageno
670,Kylen
671,Daryn
672,Diandra
673,Vilma
674,Marjy
675,Phaidra
676,Nicky
677,Osgood
678,Hayes
679,Ema
680,Hanni
681,Concordia
682,Chuck
683,Loni
684,Sergeant
685,Raddy
686,Randolf
687,Bran
688,Addie
689,Lorette
690,Hillery
691,Sig
692,Orbadiah
693,Marchall
694,Anna-diana
695,Beth
696,Andrej
697,Cyrus
698,Christan
699,Sheffield
700,Elisabetta
701,Marketa
702,Pancho
703,Tonye
704,Barclay
705,Horton
706,Morrie
707,Port
708,Melanie
709,Alvin
710,Phaidra
711,Corly
712,Venita
713,Ester
714,Felipe
715,Joelie
716,Madlen
717,Kynthia
718,Karin
719,Astrid
720,Victor
721,Emmie
722,Gennie
723,Amargo
724,Steward
725,Loree
726,Ronni
727,Baillie
728,Winn
729,Kizzee
730,Pansie
731,Mariejeanne
732,Raymond
733,Gaylord
734,Hanny
735,Bernardina
736,Micki
737,Viv
738,Eugenie
739,Miquela
740,Lizette
741,Uta
742,Rory
743,Jamil
744,Cassaundra
745,Sophey
746,Terencio
747,Tandie
748,Rosalind
749,Linzy
750,Cly
751,Suki
752,Joly
753,Lev
754,Vasily
755,Heloise
756,Phyllida
757,Gui
758,Karry
759,Nickey
760,Gisela
761,Jacky
762,Patin
763,Freeland
764,Lyon
765,Forrester
766,Katha
767,Antons
768,Chandler
769,Darbie
770,Dalli
771,Donnell
772,Trudie
773,Samson
774,Kendre
775,Bryon
776,Saunders
777,Kristofor
778,Humberto
779,Ernest
780,Zorina
781,Gallard
782,Calida
783,Hunt
784,Jamil
785,Tina
786,Lenci
787,Pamella
788,Gabrielle
789,Phil
790,Niki
791,Corrie
792,Maximilian
793,Kellby
794,Anica
795,Horst
796,Everard
797,Jeanne
798,Ardine
799,Hasty
800,Sky
801,Osmond
802,Augusto
803,Domini
804,Briney
805,Aarika
806,Dicky
807,Garnette
808,Fayette
809,Currie
810,Gian
811,Barnaby
812,Augy
813,Kelly
814,Gay
815,Dot
816,Brad
817,Ruttger
818,Harrietta
819,Nikolaus
820,Reggy
821,Sher
822,Yoshiko
823,Ardelis
824,Cher
825,Arnie
826,Tamas
827,Sisile
828,Batholomew
829,Caryl
830,Pearl
831,Hedvig
832,Addison
833,Lexis
834,Jerry
835,Jada
836,Sherri
837,Tildy
838,Xenia
839,Lee
840,Cathryn
841,Gayleen
842,Magdaia
843,Viviene
844,Patience
845,Mada
846,Agna
847,Noel
848,Huberto
849,Tansy
850,Ferd
851,Allx
852,Lorain
853,Wait
854,Gillie
855,Elisa
856,Kipp
857,Shawn
858,Federica
859,Bancroft
860,Helyn
861,Derby
862,Dorena
863,Zebulon
864,Estrella
865,Paulo
866,Charyl
867,Gisele
868,Sibelle
869,Chryste
870,Editha
871,Dulsea
872,Engelbert
873,Joshuah
874,Daisey
875,Georgie
876,Rosalie
877,Ebenezer
878,Domenico
879,Wenda
880,Kendre
881,Violante
882,Lester
883,Gabriello
884,Greg
885,Murray
886,Rurik
887,Jeremy
888,Milli
889,Saleem
890,Damara
891,Imelda
892,Winfred
893,Caroljean
894,Tammara
895,Dilly
896,Kaitlyn
897,Skyler
898,Heinrik
899,Gilberta
900,Goldina
901,Ugo
902,Diannne
903,Marlene
904,Marie-jeanne
905,Ken
906,Suzette
907,Julieta
908,Shara
909,Tallou
910,Alexandrina
911,Karalynn
912,Bobine
913,Maybelle
914,Alida
915,Arlyne
916,Remy
917,Garrot
918,Mathilde
919,Clary
920,Tommy
921,Sol
922,Windham
923,Joby
924,Malory
925,Nonnah
926,Othello
927,Arlie
928,Cecilio
929,Kevan
930,Isahella
931,Nertie
932,Violet
933,Brennan
934,Yancy
935,Fergus
936,Eada
937,Brana
938,Shaylynn
939,Alane
940,Davine
941,Hamish
942,Ava
943,Devora
944,Ollie
945,Siobhan
946,Amabelle
947,Jania
948,Florencia
949,Moses
950,Annmarie
951,Ethelyn
952,Louise
953,Emmy
954,Nikolos
955,Olive
956,Wallache
957,Bryce
958,Jared
959,Tony
960,Verne
961,Grace
962,Gearalt
963,Dewitt
964,Desmond
965,Imelda
966,Genvieve
967,Angelique
968,Pippo
969,Lynna
970,Amalee
971,Atlante
972,Miles
973,Virgie
974,Jarrod
975,Ashil
976,Madel
977,Ddene
978,Carson
979,Viviana
980,Lyndell
981,Erina
982,Cathi
983,Lorelle
984,Lindie
985,Gasper
986,Alysa
987,Kyle
988,Mufi
989,Greer
990,Quillan
991,Les
992,Tyson
993,Gertrude
994,Tirrell
995,Charlie
996,Ernaline
997,Lilah
998,Angelico
999,Ema
1000,Joachim
